transaction_id,date_id,fiscal_period,sending_unit_id,receiving_unit_id,amount_sent,amount_received,variance,status,description
IC-00001,20230101,2023-01,1,3,2.73,2.73,0.0,MATCHED,Component supply — North to East
IC-00002,20230102,2023-01,1,3,1.62,1.62,0.0,MATCHED,Component supply — North to East
IC-00003,20230103,2023-01,1,3,2.88,2.88,0.0,MATCHED,Component supply — North to East
IC-00004,20230104,2023-01,1,3,3.06,3.06,0.0,MATCHED,Component supply — North to East
IC-00005,20230105,2023-01,1,3,2.29,2.29,0.0,MATCHED,Component supply — North to East
IC-00006,20230106,2023-01,1,3,1.85,1.85,0.0,MATCHED,Component supply — North to East
IC-00007,20230107,2023-01,1,3,1.56,1.56,0.0,MATCHED,Component supply — North to East
IC-00008,20230108,2023-01,1,3,2.77,2.77,0.0,MATCHED,Component supply — North to East
IC-00009,20230109,2023-01,1,3,2.04,2.04,0.0,MATCHED,Component supply — North to East
IC-00010,20230110,2023-01,1,3,2.43,2.43,0.0,MATCHED,Component supply — North to East
IC-00011,20230111,2023-01,1,3,2.27,2.27,0.0,MATCHED,Component supply — North to East
IC-00012,20230112,2023-01,1,3,1.85,1.85,0.0,MATCHED,Component supply — North to East
IC-00013,20230113,2023-01,1,3,2.52,2.52,0.0,MATCHED,Component supply — North to East
IC-00014,20230114,2023-01,1,3,2.42,2.42,0.0,MATCHED,Component supply — North to East
IC-00015,20230115,2023-01,1,3,2.75,2.75,0.0,MATCHED,Component supply — North to East
IC-00016,20230116,2023-01,1,3,2.0,2.0,0.0,MATCHED,Component supply — North to East
IC-00017,20230117,2023-01,1,3,1.93,1.93,0.0,MATCHED,Component supply — North to East
IC-00018,20230118,2023-01,1,3,3.13,3.13,0.0,MATCHED,Component supply — North to East
IC-00019,20230119,2023-01,1,3,2.9,2.9,0.0,MATCHED,Component supply — North to East
IC-00020,20230120,2023-01,1,3,3.04,3.04,0.0,MATCHED,Component supply — North to East
IC-00021,20230121,2023-01,1,3,1.75,1.75,0.0,MATCHED,Component supply — North to East
IC-00022,20230122,2023-01,1,3,1.95,1.95,0.0,MATCHED,Component supply — North to East
IC-00023,20230123,2023-01,1,3,2.65,2.65,0.0,MATCHED,Component supply — North to East
IC-00024,20230124,2023-01,1,3,3.21,3.21,0.0,MATCHED,Component supply — North to East
IC-00025,20230125,2023-01,1,3,3.28,3.28,0.0,MATCHED,Component supply — North to East
IC-00026,20230126,2023-01,1,3,3.16,3.16,0.0,MATCHED,Component supply — North to East
IC-00027,20230127,2023-01,1,3,1.59,1.59,0.0,MATCHED,Component supply — North to East
IC-00028,20230128,2023-01,1,3,3.14,3.14,0.0,MATCHED,Component supply — North to East
IC-00029,20230129,2023-01,1,3,3.3,3.3,0.0,MATCHED,Component supply — North to East
IC-00030,20230130,2023-01,1,3,1.61,1.61,0.0,MATCHED,Component supply — North to East
IC-00031,20230131,2023-01,1,3,2.33,2.33,0.0,MATCHED,Component supply — North to East
IC-00032,20230201,2023-02,1,3,2.57,2.57,0.0,MATCHED,Component supply — North to East
IC-00033,20230202,2023-02,1,3,1.97,1.97,0.0,MATCHED,Component supply — North to East
IC-00034,20230203,2023-02,1,3,2.53,2.53,0.0,MATCHED,Component supply — North to East
IC-00035,20230204,2023-02,1,3,3.27,3.27,0.0,MATCHED,Component supply — North to East
IC-00036,20230205,2023-02,1,3,3.23,3.23,0.0,MATCHED,Component supply — North to East
IC-00037,20230206,2023-02,1,3,3.38,3.38,0.0,MATCHED,Component supply — North to East
IC-00038,20230207,2023-02,1,3,2.47,2.47,0.0,MATCHED,Component supply — North to East
IC-00039,20230208,2023-02,1,3,2.32,2.32,0.0,MATCHED,Component supply — North to East
IC-00040,20230209,2023-02,1,3,2.83,2.83,0.0,MATCHED,Component supply — North to East
IC-00041,20230210,2023-02,1,3,2.33,2.33,0.0,MATCHED,Component supply — North to East
IC-00042,20230211,2023-02,1,3,1.58,1.58,0.0,MATCHED,Component supply — North to East
IC-00043,20230212,2023-02,1,3,2.94,2.94,0.0,MATCHED,Component supply — North to East
IC-00044,20230213,2023-02,1,3,2.06,2.06,0.0,MATCHED,Component supply — North to East
IC-00045,20230214,2023-02,1,3,1.6,1.6,0.0,MATCHED,Component supply — North to East
IC-00046,20230215,2023-02,1,3,1.54,1.54,0.0,MATCHED,Component supply — North to East
IC-00047,20230216,2023-02,1,3,3.36,3.36,0.0,MATCHED,Component supply — North to East
IC-00048,20230217,2023-02,1,3,2.0,2.0,0.0,MATCHED,Component supply — North to East
IC-00049,20230218,2023-02,1,3,2.4,2.4,0.0,MATCHED,Component supply — North to East
IC-00050,20230219,2023-02,1,3,3.4,3.4,0.0,MATCHED,Component supply — North to East
IC-00051,20230220,2023-02,1,3,2.44,2.44,0.0,MATCHED,Component supply — North to East
IC-00052,20230221,2023-02,1,3,1.66,1.66,0.0,MATCHED,Component supply — North to East
IC-00053,20230222,2023-02,1,3,2.6,2.6,0.0,MATCHED,Component supply — North to East
IC-00054,20230223,2023-02,1,3,1.68,1.68,0.0,MATCHED,Component supply — North to East
IC-00055,20230224,2023-02,1,3,1.69,1.69,0.0,MATCHED,Component supply — North to East
IC-00056,20230225,2023-02,1,3,3.2,3.2,0.0,MATCHED,Component supply — North to East
IC-00057,20230226,2023-02,1,3,2.08,2.08,0.0,MATCHED,Component supply — North to East
IC-00058,20230227,2023-02,1,3,2.86,2.86,0.0,MATCHED,Component supply — North to East
IC-00059,20230228,2023-02,1,3,2.52,2.52,0.0,MATCHED,Component supply — North to East
IC-00060,20230301,2023-03,1,3,1.94,1.94,0.0,MATCHED,Component supply — North to East
IC-00061,20230302,2023-03,1,3,2.54,2.54,0.0,MATCHED,Component supply — North to East
IC-00062,20230303,2023-03,1,3,1.64,1.64,0.0,MATCHED,Component supply — North to East
IC-00063,20230304,2023-03,1,3,2.19,2.19,0.0,MATCHED,Component supply — North to East
IC-00064,20230305,2023-03,1,3,2.55,2.55,0.0,MATCHED,Component supply — North to East
IC-00065,20230306,2023-03,1,3,1.96,1.96,0.0,MATCHED,Component supply — North to East
IC-00066,20230307,2023-03,1,3,2.82,2.82,0.0,MATCHED,Component supply — North to East
IC-00067,20230308,2023-03,1,3,1.6,1.6,0.0,MATCHED,Component supply — North to East
IC-00068,20230309,2023-03,1,3,2.47,2.47,0.0,MATCHED,Component supply — North to East
IC-00069,20230310,2023-03,1,3,2.93,2.93,0.0,MATCHED,Component supply — North to East
IC-00070,20230311,2023-03,1,3,2.36,2.36,0.0,MATCHED,Component supply — North to East
IC-00071,20230312,2023-03,1,3,3.25,3.25,0.0,MATCHED,Component supply — North to East
IC-00072,20230313,2023-03,1,3,2.76,2.76,0.0,MATCHED,Component supply — North to East
IC-00073,20230314,2023-03,1,3,3.42,3.42,0.0,MATCHED,Component supply — North to East
IC-00074,20230315,2023-03,1,3,2.07,2.07,0.0,MATCHED,Component supply — North to East
IC-00075,20230316,2023-03,1,3,3.38,3.38,0.0,MATCHED,Component supply — North to East
IC-00076,20230317,2023-03,1,3,2.71,2.71,0.0,MATCHED,Component supply — North to East
IC-00077,20230318,2023-03,1,3,2.99,2.99,0.0,MATCHED,Component supply — North to East
IC-00078,20230319,2023-03,1,3,3.3,3.3,0.0,MATCHED,Component supply — North to East
IC-00079,20230320,2023-03,1,3,2.6,2.6,0.0,MATCHED,Component supply — North to East
IC-00080,20230321,2023-03,1,3,3.22,3.22,0.0,MATCHED,Component supply — North to East
IC-00081,20230322,2023-03,1,3,2.58,2.58,0.0,MATCHED,Component supply — North to East
IC-00082,20230323,2023-03,1,3,2.7,2.7,0.0,MATCHED,Component supply — North to East
IC-00083,20230324,2023-03,1,3,2.39,2.39,0.0,MATCHED,Component supply — North to East
IC-00084,20230325,2023-03,1,3,1.79,1.79,0.0,MATCHED,Component supply — North to East
IC-00085,20230326,2023-03,1,3,2.61,2.61,0.0,MATCHED,Component supply — North to East
IC-00086,20230327,2023-03,1,3,3.45,3.45,0.0,MATCHED,Component supply — North to East
IC-00087,20230328,2023-03,1,3,3.07,3.07,0.0,MATCHED,Component supply — North to East
IC-00088,20230329,2023-03,1,3,2.99,2.99,0.0,MATCHED,Component supply — North to East
IC-00089,20230330,2023-03,1,3,2.79,2.79,0.0,MATCHED,Component supply — North to East
IC-00090,20230331,2023-03,1,3,2.2,2.2,0.0,MATCHED,Component supply — North to East
IC-00091,20230401,2023-04,1,3,1.84,1.55,0.29,MISMATCH,Component supply — North to East
IC-00092,20230402,2023-04,1,3,1.51,1.33,0.18,MISMATCH,Component supply — North to East
IC-00093,20230403,2023-04,1,3,3.12,2.63,0.49,MISMATCH,Component supply — North to East
IC-00094,20230404,2023-04,1,3,1.68,1.43,0.25,MISMATCH,Component supply — North to East
IC-00095,20230405,2023-04,1,3,2.08,1.79,0.29,MISMATCH,Component supply — North to East
IC-00096,20230406,2023-04,1,3,2.03,1.73,0.3,MISMATCH,Component supply — North to East
IC-00097,20230407,2023-04,1,3,3.32,2.82,0.5,MISMATCH,Component supply — North to East
IC-00098,20230408,2023-04,1,3,3.07,2.69,0.38,MISMATCH,Component supply — North to East
IC-00099,20230409,2023-04,1,3,2.18,1.95,0.23,MISMATCH,Component supply — North to East
IC-00100,20230410,2023-04,1,3,2.69,2.21,0.48,MISMATCH,Component supply — North to East
IC-00101,20230411,2023-04,1,3,1.64,1.46,0.18,MISMATCH,Component supply — North to East
IC-00102,20230412,2023-04,1,3,2.39,2.05,0.34,MISMATCH,Component supply — North to East
IC-00103,20230413,2023-04,1,3,1.79,1.49,0.3,MISMATCH,Component supply — North to East
IC-00104,20230414,2023-04,1,3,3.1,2.77,0.33,MISMATCH,Component supply — North to East
IC-00105,20230415,2023-04,1,3,2.62,2.22,0.4,MISMATCH,Component supply — North to East
IC-00106,20230416,2023-04,1,3,3.37,2.95,0.42,MISMATCH,Component supply — North to East
IC-00107,20230417,2023-04,1,3,3.09,2.53,0.56,MISMATCH,Component supply — North to East
IC-00108,20230418,2023-04,1,3,2.4,2.16,0.24,MISMATCH,Component supply — North to East
IC-00109,20230419,2023-04,1,3,2.18,1.93,0.25,MISMATCH,Component supply — North to East
IC-00110,20230420,2023-04,1,3,2.82,2.35,0.47,MISMATCH,Component supply — North to East
IC-00111,20230421,2023-04,1,3,3.05,2.53,0.52,MISMATCH,Component supply — North to East
IC-00112,20230422,2023-04,1,3,2.96,2.69,0.27,MISMATCH,Component supply — North to East
IC-00113,20230423,2023-04,1,3,3.42,3.05,0.37,MISMATCH,Component supply — North to East
IC-00114,20230424,2023-04,1,3,2.57,2.26,0.31,MISMATCH,Component supply — North to East
IC-00115,20230425,2023-04,1,3,2.96,2.43,0.53,MISMATCH,Component supply — North to East
IC-00116,20230426,2023-04,1,3,1.7,1.49,0.21,MISMATCH,Component supply — North to East
IC-00117,20230427,2023-04,1,3,1.51,1.36,0.15,MISMATCH,Component supply — North to East
IC-00118,20230428,2023-04,1,3,2.48,2.09,0.39,MISMATCH,Component supply — North to East
IC-00119,20230429,2023-04,1,3,2.29,2.05,0.24,MISMATCH,Component supply — North to East
IC-00120,20230430,2023-04,1,3,3.35,2.78,0.57,MISMATCH,Component supply — North to East
IC-00121,20230501,2023-05,1,3,3.06,3.06,0.0,MATCHED,Component supply — North to East
IC-00122,20230502,2023-05,1,3,2.66,2.66,0.0,MATCHED,Component supply — North to East
IC-00123,20230503,2023-05,1,3,2.67,2.67,0.0,MATCHED,Component supply — North to East
IC-00124,20230504,2023-05,1,3,3.06,3.06,0.0,MATCHED,Component supply — North to East
IC-00125,20230505,2023-05,1,3,1.95,1.95,0.0,MATCHED,Component supply — North to East
IC-00126,20230506,2023-05,1,3,2.56,2.56,0.0,MATCHED,Component supply — North to East
IC-00127,20230507,2023-05,1,3,2.14,2.14,0.0,MATCHED,Component supply — North to East
IC-00128,20230508,2023-05,1,3,1.69,1.69,0.0,MATCHED,Component supply — North to East
IC-00129,20230509,2023-05,1,3,1.71,1.71,0.0,MATCHED,Component supply — North to East
IC-00130,20230510,2023-05,1,3,1.77,1.77,0.0,MATCHED,Component supply — North to East
IC-00131,20230511,2023-05,1,3,2.73,2.73,0.0,MATCHED,Component supply — North to East
IC-00132,20230512,2023-05,1,3,1.71,1.71,0.0,MATCHED,Component supply — North to East
IC-00133,20230513,2023-05,1,3,2.64,2.64,0.0,MATCHED,Component supply — North to East
IC-00134,20230514,2023-05,1,3,2.68,2.68,0.0,MATCHED,Component supply — North to East
IC-00135,20230515,2023-05,1,3,3.31,3.31,0.0,MATCHED,Component supply — North to East
IC-00136,20230516,2023-05,1,3,2.75,2.75,0.0,MATCHED,Component supply — North to East
IC-00137,20230517,2023-05,1,3,3.47,3.47,0.0,MATCHED,Component supply — North to East
IC-00138,20230518,2023-05,1,3,1.56,1.56,0.0,MATCHED,Component supply — North to East
IC-00139,20230519,2023-05,1,3,2.91,2.91,0.0,MATCHED,Component supply — North to East
IC-00140,20230520,2023-05,1,3,1.55,1.55,0.0,MATCHED,Component supply — North to East
IC-00141,20230521,2023-05,1,3,2.96,2.96,0.0,MATCHED,Component supply — North to East
IC-00142,20230522,2023-05,1,3,2.27,2.27,0.0,MATCHED,Component supply — North to East
IC-00143,20230523,2023-05,1,3,2.72,2.72,0.0,MATCHED,Component supply — North to East
IC-00144,20230524,2023-05,1,3,2.12,2.12,0.0,MATCHED,Component supply — North to East
IC-00145,20230525,2023-05,1,3,1.82,1.82,0.0,MATCHED,Component supply — North to East
IC-00146,20230526,2023-05,1,3,2.95,2.95,0.0,MATCHED,Component supply — North to East
IC-00147,20230527,2023-05,1,3,3.31,3.31,0.0,MATCHED,Component supply — North to East
IC-00148,20230528,2023-05,1,3,1.87,1.87,0.0,MATCHED,Component supply — North to East
IC-00149,20230529,2023-05,1,3,3.34,3.34,0.0,MATCHED,Component supply — North to East
IC-00150,20230530,2023-05,1,3,1.78,1.78,0.0,MATCHED,Component supply — North to East
IC-00151,20230531,2023-05,1,3,2.97,2.97,0.0,MATCHED,Component supply — North to East
IC-00152,20230601,2023-06,1,3,3.42,3.42,0.0,MATCHED,Component supply — North to East
IC-00153,20230602,2023-06,1,3,1.79,1.79,0.0,MATCHED,Component supply — North to East
IC-00154,20230603,2023-06,1,3,2.37,2.37,0.0,MATCHED,Component supply — North to East
IC-00155,20230604,2023-06,1,3,2.17,2.17,0.0,MATCHED,Component supply — North to East
IC-00156,20230605,2023-06,1,3,2.28,2.28,0.0,MATCHED,Component supply — North to East
IC-00157,20230606,2023-06,1,3,3.01,3.01,0.0,MATCHED,Component supply — North to East
IC-00158,20230607,2023-06,1,3,2.82,2.82,0.0,MATCHED,Component supply — North to East
IC-00159,20230608,2023-06,1,3,3.44,3.44,0.0,MATCHED,Component supply — North to East
IC-00160,20230609,2023-06,1,3,1.87,1.87,0.0,MATCHED,Component supply — North to East
IC-00161,20230610,2023-06,1,3,2.59,2.59,0.0,MATCHED,Component supply — North to East
IC-00162,20230611,2023-06,1,3,2.4,2.4,0.0,MATCHED,Component supply — North to East
IC-00163,20230612,2023-06,1,3,3.34,3.34,0.0,MATCHED,Component supply — North to East
IC-00164,20230613,2023-06,1,3,1.52,1.52,0.0,MATCHED,Component supply — North to East
IC-00165,20230614,2023-06,1,3,3.48,3.48,0.0,MATCHED,Component supply — North to East
IC-00166,20230615,2023-06,1,3,2.46,2.46,0.0,MATCHED,Component supply — North to East
IC-00167,20230616,2023-06,1,3,2.75,2.75,0.0,MATCHED,Component supply — North to East
IC-00168,20230617,2023-06,1,3,2.22,2.22,0.0,MATCHED,Component supply — North to East
IC-00169,20230618,2023-06,1,3,3.21,3.21,0.0,MATCHED,Component supply — North to East
IC-00170,20230619,2023-06,1,3,2.62,2.62,0.0,MATCHED,Component supply — North to East
IC-00171,20230620,2023-06,1,3,2.83,2.83,0.0,MATCHED,Component supply — North to East
IC-00172,20230621,2023-06,1,3,2.8,2.8,0.0,MATCHED,Component supply — North to East
IC-00173,20230622,2023-06,1,3,2.23,2.23,0.0,MATCHED,Component supply — North to East
IC-00174,20230623,2023-06,1,3,1.65,1.65,0.0,MATCHED,Component supply — North to East
IC-00175,20230624,2023-06,1,3,3.12,3.12,0.0,MATCHED,Component supply — North to East
IC-00176,20230625,2023-06,1,3,2.08,2.08,0.0,MATCHED,Component supply — North to East
IC-00177,20230626,2023-06,1,3,3.2,3.2,0.0,MATCHED,Component supply — North to East
IC-00178,20230627,2023-06,1,3,2.72,2.72,0.0,MATCHED,Component supply — North to East
IC-00179,20230628,2023-06,1,3,2.21,2.21,0.0,MATCHED,Component supply — North to East
IC-00180,20230629,2023-06,1,3,2.69,2.69,0.0,MATCHED,Component supply — North to East
IC-00181,20230630,2023-06,1,3,2.79,2.79,0.0,MATCHED,Component supply — North to East
IC-00182,20230701,2023-07,1,3,2.91,2.91,0.0,MATCHED,Component supply — North to East
IC-00183,20230702,2023-07,1,3,3.14,3.14,0.0,MATCHED,Component supply — North to East
IC-00184,20230703,2023-07,1,3,1.82,1.82,0.0,MATCHED,Component supply — North to East
IC-00185,20230704,2023-07,1,3,3.39,3.39,0.0,MATCHED,Component supply — North to East
IC-00186,20230705,2023-07,1,3,2.32,2.32,0.0,MATCHED,Component supply — North to East
IC-00187,20230706,2023-07,1,3,3.22,3.22,0.0,MATCHED,Component supply — North to East
IC-00188,20230707,2023-07,1,3,1.94,1.94,0.0,MATCHED,Component supply — North to East
IC-00189,20230708,2023-07,1,3,1.56,1.56,0.0,MATCHED,Component supply — North to East
IC-00190,20230709,2023-07,1,3,2.65,2.65,0.0,MATCHED,Component supply — North to East
IC-00191,20230710,2023-07,1,3,2.15,2.15,0.0,MATCHED,Component supply — North to East
IC-00192,20230711,2023-07,1,3,3.47,3.47,0.0,MATCHED,Component supply — North to East
IC-00193,20230712,2023-07,1,3,1.71,1.71,0.0,MATCHED,Component supply — North to East
IC-00194,20230713,2023-07,1,3,1.59,1.59,0.0,MATCHED,Component supply — North to East
IC-00195,20230714,2023-07,1,3,1.59,1.59,0.0,MATCHED,Component supply — North to East
IC-00196,20230715,2023-07,1,3,1.93,1.93,0.0,MATCHED,Component supply — North to East
IC-00197,20230716,2023-07,1,3,2.66,2.66,0.0,MATCHED,Component supply — North to East
IC-00198,20230717,2023-07,1,3,2.51,2.51,0.0,MATCHED,Component supply — North to East
IC-00199,20230718,2023-07,1,3,2.2,2.2,0.0,MATCHED,Component supply — North to East
IC-00200,20230719,2023-07,1,3,1.68,1.68,0.0,MATCHED,Component supply — North to East
IC-00201,20230720,2023-07,1,3,1.97,1.97,0.0,MATCHED,Component supply — North to East
IC-00202,20230721,2023-07,1,3,1.87,1.87,0.0,MATCHED,Component supply — North to East
IC-00203,20230722,2023-07,1,3,2.99,2.99,0.0,MATCHED,Component supply — North to East
IC-00204,20230723,2023-07,1,3,3.06,3.06,0.0,MATCHED,Component supply — North to East
IC-00205,20230724,2023-07,1,3,3.05,3.05,0.0,MATCHED,Component supply — North to East
IC-00206,20230725,2023-07,1,3,3.44,3.44,0.0,MATCHED,Component supply — North to East
IC-00207,20230726,2023-07,1,3,3.27,3.27,0.0,MATCHED,Component supply — North to East
IC-00208,20230727,2023-07,1,3,2.5,2.5,0.0,MATCHED,Component supply — North to East
IC-00209,20230728,2023-07,1,3,2.33,2.33,0.0,MATCHED,Component supply — North to East
IC-00210,20230729,2023-07,1,3,3.33,3.33,0.0,MATCHED,Component supply — North to East
IC-00211,20230730,2023-07,1,3,2.72,2.72,0.0,MATCHED,Component supply — North to East
IC-00212,20230731,2023-07,1,3,2.09,2.09,0.0,MATCHED,Component supply — North to East
IC-00213,20230801,2023-08,1,3,2.63,2.63,0.0,MATCHED,Component supply — North to East
IC-00214,20230802,2023-08,1,3,3.48,3.48,0.0,MATCHED,Component supply — North to East
IC-00215,20230803,2023-08,1,3,3.2,3.2,0.0,MATCHED,Component supply — North to East
IC-00216,20230804,2023-08,1,3,2.06,2.06,0.0,MATCHED,Component supply — North to East
IC-00217,20230805,2023-08,1,3,3.41,3.41,0.0,MATCHED,Component supply — North to East
IC-00218,20230806,2023-08,1,3,3.46,3.46,0.0,MATCHED,Component supply — North to East
IC-00219,20230807,2023-08,1,3,1.96,1.96,0.0,MATCHED,Component supply — North to East
IC-00220,20230808,2023-08,1,3,3.29,3.29,0.0,MATCHED,Component supply — North to East
IC-00221,20230809,2023-08,1,3,3.27,3.27,0.0,MATCHED,Component supply — North to East
IC-00222,20230810,2023-08,1,3,1.58,1.58,0.0,MATCHED,Component supply — North to East
IC-00223,20230811,2023-08,1,3,2.84,2.84,0.0,MATCHED,Component supply — North to East
IC-00224,20230812,2023-08,1,3,2.11,2.11,0.0,MATCHED,Component supply — North to East
IC-00225,20230813,2023-08,1,3,2.85,2.85,0.0,MATCHED,Component supply — North to East
IC-00226,20230814,2023-08,1,3,3.33,3.33,0.0,MATCHED,Component supply — North to East
IC-00227,20230815,2023-08,1,3,2.5,2.5,0.0,MATCHED,Component supply — North to East
IC-00228,20230816,2023-08,1,3,2.33,2.33,0.0,MATCHED,Component supply — North to East
IC-00229,20230817,2023-08,1,3,3.34,3.34,0.0,MATCHED,Component supply — North to East
IC-00230,20230818,2023-08,1,3,3.45,3.45,0.0,MATCHED,Component supply — North to East
IC-00231,20230819,2023-08,1,3,1.62,1.62,0.0,MATCHED,Component supply — North to East
IC-00232,20230820,2023-08,1,3,3.35,3.35,0.0,MATCHED,Component supply — North to East
IC-00233,20230821,2023-08,1,3,1.67,1.67,0.0,MATCHED,Component supply — North to East
IC-00234,20230822,2023-08,1,3,2.17,2.17,0.0,MATCHED,Component supply — North to East
IC-00235,20230823,2023-08,1,3,3.03,3.03,0.0,MATCHED,Component supply — North to East
IC-00236,20230824,2023-08,1,3,3.05,3.05,0.0,MATCHED,Component supply — North to East
IC-00237,20230825,2023-08,1,3,2.95,2.95,0.0,MATCHED,Component supply — North to East
IC-00238,20230826,2023-08,1,3,1.58,1.58,0.0,MATCHED,Component supply — North to East
IC-00239,20230827,2023-08,1,3,1.77,1.77,0.0,MATCHED,Component supply — North to East
IC-00240,20230828,2023-08,1,3,3.37,3.37,0.0,MATCHED,Component supply — North to East
IC-00241,20230829,2023-08,1,3,1.66,1.66,0.0,MATCHED,Component supply — North to East
IC-00242,20230830,2023-08,1,3,1.66,1.66,0.0,MATCHED,Component supply — North to East
IC-00243,20230831,2023-08,1,3,3.17,3.17,0.0,MATCHED,Component supply — North to East
IC-00244,20230901,2023-09,1,3,2.78,2.37,0.41,MISMATCH,Component supply — North to East
IC-00245,20230902,2023-09,1,3,1.83,1.65,0.18,MISMATCH,Component supply — North to East
IC-00246,20230903,2023-09,1,3,3.48,2.87,0.61,MISMATCH,Component supply — North to East
IC-00247,20230904,2023-09,1,3,2.61,2.2,0.41,MISMATCH,Component supply — North to East
IC-00248,20230905,2023-09,1,3,3.16,2.69,0.47,MISMATCH,Component supply — North to East
IC-00249,20230906,2023-09,1,3,2.93,2.54,0.39,MISMATCH,Component supply — North to East
IC-00250,20230907,2023-09,1,3,2.58,2.31,0.27,MISMATCH,Component supply — North to East
IC-00251,20230908,2023-09,1,3,2.44,2.19,0.25,MISMATCH,Component supply — North to East
IC-00252,20230909,2023-09,1,3,2.23,1.86,0.37,MISMATCH,Component supply — North to East
IC-00253,20230910,2023-09,1,3,2.41,2.08,0.33,MISMATCH,Component supply — North to East
IC-00254,20230911,2023-09,1,3,2.46,2.2,0.26,MISMATCH,Component supply — North to East
IC-00255,20230912,2023-09,1,3,2.63,2.37,0.26,MISMATCH,Component supply — North to East
IC-00256,20230913,2023-09,1,3,2.53,2.13,0.4,MISMATCH,Component supply — North to East
IC-00257,20230914,2023-09,1,3,1.76,1.58,0.18,MISMATCH,Component supply — North to East
IC-00258,20230915,2023-09,1,3,1.61,1.34,0.27,MISMATCH,Component supply — North to East
IC-00259,20230916,2023-09,1,3,1.63,1.4,0.23,MISMATCH,Component supply — North to East
IC-00260,20230917,2023-09,1,3,2.57,2.11,0.46,MISMATCH,Component supply — North to East
IC-00261,20230918,2023-09,1,3,2.53,2.16,0.37,MISMATCH,Component supply — North to East
IC-00262,20230919,2023-09,1,3,3.05,2.73,0.32,MISMATCH,Component supply — North to East
IC-00263,20230920,2023-09,1,3,2.87,2.48,0.39,MISMATCH,Component supply — North to East
IC-00264,20230921,2023-09,1,3,1.93,1.73,0.2,MISMATCH,Component supply — North to East
IC-00265,20230922,2023-09,1,3,2.18,1.86,0.32,MISMATCH,Component supply — North to East
IC-00266,20230923,2023-09,1,3,3.33,3.02,0.31,MISMATCH,Component supply — North to East
IC-00267,20230924,2023-09,1,3,3.3,3.0,0.3,MISMATCH,Component supply — North to East
IC-00268,20230925,2023-09,1,3,3.24,2.86,0.38,MISMATCH,Component supply — North to East
IC-00269,20230926,2023-09,1,3,2.09,1.89,0.2,MISMATCH,Component supply — North to East
IC-00270,20230927,2023-09,1,3,3.25,2.74,0.51,MISMATCH,Component supply — North to East
IC-00271,20230928,2023-09,1,3,2.48,2.05,0.43,MISMATCH,Component supply — North to East
IC-00272,20230929,2023-09,1,3,3.41,2.97,0.44,MISMATCH,Component supply — North to East
IC-00273,20230930,2023-09,1,3,1.99,1.68,0.31,MISMATCH,Component supply — North to East
IC-00274,20231001,2023-10,1,3,3.46,3.46,0.0,MATCHED,Component supply — North to East
IC-00275,20231002,2023-10,1,3,2.73,2.73,0.0,MATCHED,Component supply — North to East
IC-00276,20231003,2023-10,1,3,2.34,2.34,0.0,MATCHED,Component supply — North to East
IC-00277,20231004,2023-10,1,3,2.5,2.5,0.0,MATCHED,Component supply — North to East
IC-00278,20231005,2023-10,1,3,1.7,1.7,0.0,MATCHED,Component supply — North to East
IC-00279,20231006,2023-10,1,3,1.65,1.65,0.0,MATCHED,Component supply — North to East
IC-00280,20231007,2023-10,1,3,2.69,2.69,0.0,MATCHED,Component supply — North to East
IC-00281,20231008,2023-10,1,3,2.52,2.52,0.0,MATCHED,Component supply — North to East
IC-00282,20231009,2023-10,1,3,2.22,2.22,0.0,MATCHED,Component supply — North to East
IC-00283,20231010,2023-10,1,3,2.63,2.63,0.0,MATCHED,Component supply — North to East
IC-00284,20231011,2023-10,1,3,1.65,1.65,0.0,MATCHED,Component supply — North to East
IC-00285,20231012,2023-10,1,3,3.39,3.39,0.0,MATCHED,Component supply — North to East
IC-00286,20231013,2023-10,1,3,2.09,2.09,0.0,MATCHED,Component supply — North to East
IC-00287,20231014,2023-10,1,3,1.64,1.64,0.0,MATCHED,Component supply — North to East
IC-00288,20231015,2023-10,1,3,1.84,1.84,0.0,MATCHED,Component supply — North to East
IC-00289,20231016,2023-10,1,3,1.69,1.69,0.0,MATCHED,Component supply — North to East
IC-00290,20231017,2023-10,1,3,1.86,1.86,0.0,MATCHED,Component supply — North to East
IC-00291,20231018,2023-10,1,3,2.33,2.33,0.0,MATCHED,Component supply — North to East
IC-00292,20231019,2023-10,1,3,2.98,2.98,0.0,MATCHED,Component supply — North to East
IC-00293,20231020,2023-10,1,3,2.04,2.04,0.0,MATCHED,Component supply — North to East
IC-00294,20231021,2023-10,1,3,2.37,2.37,0.0,MATCHED,Component supply — North to East
IC-00295,20231022,2023-10,1,3,3.36,3.36,0.0,MATCHED,Component supply — North to East
IC-00296,20231023,2023-10,1,3,2.09,2.09,0.0,MATCHED,Component supply — North to East
IC-00297,20231024,2023-10,1,3,3.09,3.09,0.0,MATCHED,Component supply — North to East
IC-00298,20231025,2023-10,1,3,1.82,1.82,0.0,MATCHED,Component supply — North to East
IC-00299,20231026,2023-10,1,3,1.86,1.86,0.0,MATCHED,Component supply — North to East
IC-00300,20231027,2023-10,1,3,2.41,2.41,0.0,MATCHED,Component supply — North to East
IC-00301,20231028,2023-10,1,3,1.97,1.97,0.0,MATCHED,Component supply — North to East
IC-00302,20231029,2023-10,1,3,3.31,3.31,0.0,MATCHED,Component supply — North to East
IC-00303,20231030,2023-10,1,3,1.6,1.6,0.0,MATCHED,Component supply — North to East
IC-00304,20231031,2023-10,1,3,2.69,2.69,0.0,MATCHED,Component supply — North to East
IC-00305,20231101,2023-11,1,3,2.71,2.71,0.0,MATCHED,Component supply — North to East
IC-00306,20231102,2023-11,1,3,1.63,1.63,0.0,MATCHED,Component supply — North to East
IC-00307,20231103,2023-11,1,3,2.97,2.97,0.0,MATCHED,Component supply — North to East
IC-00308,20231104,2023-11,1,3,2.44,2.44,0.0,MATCHED,Component supply — North to East
IC-00309,20231105,2023-11,1,3,2.95,2.95,0.0,MATCHED,Component supply — North to East
IC-00310,20231106,2023-11,1,3,3.15,3.15,0.0,MATCHED,Component supply — North to East
IC-00311,20231107,2023-11,1,3,2.15,2.15,0.0,MATCHED,Component supply — North to East
IC-00312,20231108,2023-11,1,3,2.47,2.47,0.0,MATCHED,Component supply — North to East
IC-00313,20231109,2023-11,1,3,2.02,2.02,0.0,MATCHED,Component supply — North to East
IC-00314,20231110,2023-11,1,3,1.9,1.9,0.0,MATCHED,Component supply — North to East
IC-00315,20231111,2023-11,1,3,1.5,1.5,0.0,MATCHED,Component supply — North to East
IC-00316,20231112,2023-11,1,3,3.43,3.43,0.0,MATCHED,Component supply — North to East
IC-00317,20231113,2023-11,1,3,2.38,2.38,0.0,MATCHED,Component supply — North to East
IC-00318,20231114,2023-11,1,3,1.53,1.53,0.0,MATCHED,Component supply — North to East
IC-00319,20231115,2023-11,1,3,1.52,1.52,0.0,MATCHED,Component supply — North to East
IC-00320,20231116,2023-11,1,3,2.08,2.08,0.0,MATCHED,Component supply — North to East
IC-00321,20231117,2023-11,1,3,1.53,1.53,0.0,MATCHED,Component supply — North to East
IC-00322,20231118,2023-11,1,3,2.25,2.25,0.0,MATCHED,Component supply — North to East
IC-00323,20231119,2023-11,1,3,1.63,1.63,0.0,MATCHED,Component supply — North to East
IC-00324,20231120,2023-11,1,3,1.58,1.58,0.0,MATCHED,Component supply — North to East
IC-00325,20231121,2023-11,1,3,2.84,2.84,0.0,MATCHED,Component supply — North to East
IC-00326,20231122,2023-11,1,3,3.31,3.31,0.0,MATCHED,Component supply — North to East
IC-00327,20231123,2023-11,1,3,2.32,2.32,0.0,MATCHED,Component supply — North to East
IC-00328,20231124,2023-11,1,3,3.17,3.17,0.0,MATCHED,Component supply — North to East
IC-00329,20231125,2023-11,1,3,1.56,1.56,0.0,MATCHED,Component supply — North to East
IC-00330,20231126,2023-11,1,3,3.06,3.06,0.0,MATCHED,Component supply — North to East
IC-00331,20231127,2023-11,1,3,1.63,1.63,0.0,MATCHED,Component supply — North to East
IC-00332,20231128,2023-11,1,3,3.18,3.18,0.0,MATCHED,Component supply — North to East
IC-00333,20231129,2023-11,1,3,3.26,3.26,0.0,MATCHED,Component supply — North to East
IC-00334,20231130,2023-11,1,3,3.07,3.07,0.0,MATCHED,Component supply — North to East
IC-00335,20231201,2023-12,1,3,3.14,3.14,0.0,MATCHED,Component supply — North to East
IC-00336,20231202,2023-12,1,3,2.62,2.62,0.0,MATCHED,Component supply — North to East
IC-00337,20231203,2023-12,1,3,2.03,2.03,0.0,MATCHED,Component supply — North to East
IC-00338,20231204,2023-12,1,3,2.79,2.79,0.0,MATCHED,Component supply — North to East
IC-00339,20231205,2023-12,1,3,2.38,2.38,0.0,MATCHED,Component supply — North to East
IC-00340,20231206,2023-12,1,3,1.51,1.51,0.0,MATCHED,Component supply — North to East
IC-00341,20231207,2023-12,1,3,2.45,2.45,0.0,MATCHED,Component supply — North to East
IC-00342,20231208,2023-12,1,3,2.8,2.8,0.0,MATCHED,Component supply — North to East
IC-00343,20231209,2023-12,1,3,1.53,1.53,0.0,MATCHED,Component supply — North to East
IC-00344,20231210,2023-12,1,3,2.74,2.74,0.0,MATCHED,Component supply — North to East
IC-00345,20231211,2023-12,1,3,2.81,2.81,0.0,MATCHED,Component supply — North to East
IC-00346,20231212,2023-12,1,3,1.82,1.82,0.0,MATCHED,Component supply — North to East
IC-00347,20231213,2023-12,1,3,2.36,2.36,0.0,MATCHED,Component supply — North to East
IC-00348,20231214,2023-12,1,3,3.43,3.43,0.0,MATCHED,Component supply — North to East
IC-00349,20231215,2023-12,1,3,3.27,3.27,0.0,MATCHED,Component supply — North to East
IC-00350,20231216,2023-12,1,3,2.32,2.32,0.0,MATCHED,Component supply — North to East
IC-00351,20231217,2023-12,1,3,2.2,2.2,0.0,MATCHED,Component supply — North to East
IC-00352,20231218,2023-12,1,3,1.75,1.75,0.0,MATCHED,Component supply — North to East
IC-00353,20231219,2023-12,1,3,1.57,1.57,0.0,MATCHED,Component supply — North to East
IC-00354,20231220,2023-12,1,3,2.09,2.09,0.0,MATCHED,Component supply — North to East
IC-00355,20231221,2023-12,1,3,3.38,3.38,0.0,MATCHED,Component supply — North to East
IC-00356,20231222,2023-12,1,3,3.42,3.42,0.0,MATCHED,Component supply — North to East
IC-00357,20231223,2023-12,1,3,3.13,3.13,0.0,MATCHED,Component supply — North to East
IC-00358,20231224,2023-12,1,3,2.2,2.2,0.0,MATCHED,Component supply — North to East
IC-00359,20231225,2023-12,1,3,1.79,1.79,0.0,MATCHED,Component supply — North to East
IC-00360,20231226,2023-12,1,3,2.69,2.69,0.0,MATCHED,Component supply — North to East
IC-00361,20231227,2023-12,1,3,2.79,2.79,0.0,MATCHED,Component supply — North to East
IC-00362,20231228,2023-12,1,3,2.35,2.35,0.0,MATCHED,Component supply — North to East
IC-00363,20231229,2023-12,1,3,2.88,2.88,0.0,MATCHED,Component supply — North to East
IC-00364,20231230,2023-12,1,3,2.99,2.99,0.0,MATCHED,Component supply — North to East
IC-00365,20231231,2023-12,1,3,3.07,3.07,0.0,MATCHED,Component supply — North to East
IC-00366,20240101,2024-01,1,3,2.5,2.5,0.0,MATCHED,Component supply — North to East
IC-00367,20240102,2024-01,1,3,3.08,3.08,0.0,MATCHED,Component supply — North to East
IC-00368,20240103,2024-01,1,3,1.55,1.55,0.0,MATCHED,Component supply — North to East
IC-00369,20240104,2024-01,1,3,2.86,2.86,0.0,MATCHED,Component supply — North to East
IC-00370,20240105,2024-01,1,3,1.97,1.97,0.0,MATCHED,Component supply — North to East
IC-00371,20240106,2024-01,1,3,2.04,2.04,0.0,MATCHED,Component supply — North to East
IC-00372,20240107,2024-01,1,3,1.68,1.68,0.0,MATCHED,Component supply — North to East
IC-00373,20240108,2024-01,1,3,1.88,1.88,0.0,MATCHED,Component supply — North to East
IC-00374,20240109,2024-01,1,3,3.48,3.48,0.0,MATCHED,Component supply — North to East
IC-00375,20240110,2024-01,1,3,2.33,2.33,0.0,MATCHED,Component supply — North to East
IC-00376,20240111,2024-01,1,3,3.36,3.36,0.0,MATCHED,Component supply — North to East
IC-00377,20240112,2024-01,1,3,1.83,1.83,0.0,MATCHED,Component supply — North to East
IC-00378,20240113,2024-01,1,3,1.91,1.91,0.0,MATCHED,Component supply — North to East
IC-00379,20240114,2024-01,1,3,2.62,2.62,0.0,MATCHED,Component supply — North to East
IC-00380,20240115,2024-01,1,3,2.2,2.2,0.0,MATCHED,Component supply — North to East
IC-00381,20240116,2024-01,1,3,2.79,2.79,0.0,MATCHED,Component supply — North to East
IC-00382,20240117,2024-01,1,3,2.34,2.34,0.0,MATCHED,Component supply — North to East
IC-00383,20240118,2024-01,1,3,3.12,3.12,0.0,MATCHED,Component supply — North to East
IC-00384,20240119,2024-01,1,3,2.36,2.36,0.0,MATCHED,Component supply — North to East
IC-00385,20240120,2024-01,1,3,2.64,2.64,0.0,MATCHED,Component supply — North to East
IC-00386,20240121,2024-01,1,3,2.14,2.14,0.0,MATCHED,Component supply — North to East
IC-00387,20240122,2024-01,1,3,2.91,2.91,0.0,MATCHED,Component supply — North to East
IC-00388,20240123,2024-01,1,3,2.81,2.81,0.0,MATCHED,Component supply — North to East
IC-00389,20240124,2024-01,1,3,2.29,2.29,0.0,MATCHED,Component supply — North to East
IC-00390,20240125,2024-01,1,3,2.05,2.05,0.0,MATCHED,Component supply — North to East
IC-00391,20240126,2024-01,1,3,2.73,2.73,0.0,MATCHED,Component supply — North to East
IC-00392,20240127,2024-01,1,3,3.39,3.39,0.0,MATCHED,Component supply — North to East
IC-00393,20240128,2024-01,1,3,1.77,1.77,0.0,MATCHED,Component supply — North to East
IC-00394,20240129,2024-01,1,3,3.1,3.1,0.0,MATCHED,Component supply — North to East
IC-00395,20240130,2024-01,1,3,2.59,2.59,0.0,MATCHED,Component supply — North to East
IC-00396,20240131,2024-01,1,3,2.55,2.55,0.0,MATCHED,Component supply — North to East
IC-00397,20240201,2024-02,1,3,3.42,3.42,0.0,MATCHED,Component supply — North to East
IC-00398,20240202,2024-02,1,3,2.71,2.71,0.0,MATCHED,Component supply — North to East
IC-00399,20240203,2024-02,1,3,3.16,3.16,0.0,MATCHED,Component supply — North to East
IC-00400,20240204,2024-02,1,3,2.53,2.53,0.0,MATCHED,Component supply — North to East
IC-00401,20240205,2024-02,1,3,2.0,2.0,0.0,MATCHED,Component supply — North to East
IC-00402,20240206,2024-02,1,3,2.89,2.89,0.0,MATCHED,Component supply — North to East
IC-00403,20240207,2024-02,1,3,3.35,3.35,0.0,MATCHED,Component supply — North to East
IC-00404,20240208,2024-02,1,3,3.18,3.18,0.0,MATCHED,Component supply — North to East
IC-00405,20240209,2024-02,1,3,1.9,1.9,0.0,MATCHED,Component supply — North to East
IC-00406,20240210,2024-02,1,3,2.13,2.13,0.0,MATCHED,Component supply — North to East
IC-00407,20240211,2024-02,1,3,2.53,2.53,0.0,MATCHED,Component supply — North to East
IC-00408,20240212,2024-02,1,3,2.64,2.64,0.0,MATCHED,Component supply — North to East
IC-00409,20240213,2024-02,1,3,1.89,1.89,0.0,MATCHED,Component supply — North to East
IC-00410,20240214,2024-02,1,3,1.96,1.96,0.0,MATCHED,Component supply — North to East
IC-00411,20240215,2024-02,1,3,3.02,3.02,0.0,MATCHED,Component supply — North to East
IC-00412,20240216,2024-02,1,3,2.96,2.96,0.0,MATCHED,Component supply — North to East
IC-00413,20240217,2024-02,1,3,3.18,3.18,0.0,MATCHED,Component supply — North to East
IC-00414,20240218,2024-02,1,3,3.37,3.37,0.0,MATCHED,Component supply — North to East
IC-00415,20240219,2024-02,1,3,2.12,2.12,0.0,MATCHED,Component supply — North to East
IC-00416,20240220,2024-02,1,3,3.22,3.22,0.0,MATCHED,Component supply — North to East
IC-00417,20240221,2024-02,1,3,2.83,2.83,0.0,MATCHED,Component supply — North to East
IC-00418,20240222,2024-02,1,3,3.42,3.42,0.0,MATCHED,Component supply — North to East
IC-00419,20240223,2024-02,1,3,2.04,2.04,0.0,MATCHED,Component supply — North to East
IC-00420,20240224,2024-02,1,3,2.04,2.04,0.0,MATCHED,Component supply — North to East
IC-00421,20240225,2024-02,1,3,2.91,2.91,0.0,MATCHED,Component supply — North to East
IC-00422,20240226,2024-02,1,3,3.36,3.36,0.0,MATCHED,Component supply — North to East
IC-00423,20240227,2024-02,1,3,3.15,3.15,0.0,MATCHED,Component supply — North to East
IC-00424,20240228,2024-02,1,3,2.95,2.95,0.0,MATCHED,Component supply — North to East
IC-00425,20240229,2024-02,1,3,2.27,2.27,0.0,MATCHED,Component supply — North to East
IC-00426,20240301,2024-03,1,3,2.94,2.62,0.32,MISMATCH,Component supply — North to East
IC-00427,20240302,2024-03,1,3,3.01,2.65,0.36,MISMATCH,Component supply — North to East
IC-00428,20240303,2024-03,1,3,1.59,1.4,0.19,MISMATCH,Component supply — North to East
IC-00429,20240304,2024-03,1,3,2.46,2.23,0.23,MISMATCH,Component supply — North to East
IC-00430,20240305,2024-03,1,3,2.71,2.37,0.34,MISMATCH,Component supply — North to East
IC-00431,20240306,2024-03,1,3,3.49,2.89,0.6,MISMATCH,Component supply — North to East
IC-00432,20240307,2024-03,1,3,2.05,1.8,0.25,MISMATCH,Component supply — North to East
IC-00433,20240308,2024-03,1,3,2.13,1.81,0.32,MISMATCH,Component supply — North to East
IC-00434,20240309,2024-03,1,3,3.29,2.87,0.42,MISMATCH,Component supply — North to East
IC-00435,20240310,2024-03,1,3,1.71,1.45,0.26,MISMATCH,Component supply — North to East
IC-00436,20240311,2024-03,1,3,1.65,1.44,0.21,MISMATCH,Component supply — North to East
IC-00437,20240312,2024-03,1,3,1.85,1.66,0.19,MISMATCH,Component supply — North to East
IC-00438,20240313,2024-03,1,3,2.65,2.19,0.46,MISMATCH,Component supply — North to East
IC-00439,20240314,2024-03,1,3,2.1,1.84,0.26,MISMATCH,Component supply — North to East
IC-00440,20240315,2024-03,1,3,2.17,1.88,0.29,MISMATCH,Component supply — North to East
IC-00441,20240316,2024-03,1,3,3.32,2.83,0.49,MISMATCH,Component supply — North to East
IC-00442,20240317,2024-03,1,3,2.17,1.94,0.23,MISMATCH,Component supply — North to East
IC-00443,20240318,2024-03,1,3,2.14,1.77,0.37,MISMATCH,Component supply — North to East
IC-00444,20240319,2024-03,1,3,1.86,1.68,0.18,MISMATCH,Component supply — North to East
IC-00445,20240320,2024-03,1,3,3.37,2.83,0.54,MISMATCH,Component supply — North to East
IC-00446,20240321,2024-03,1,3,2.61,2.17,0.44,MISMATCH,Component supply — North to East
IC-00447,20240322,2024-03,1,3,2.85,2.38,0.47,MISMATCH,Component supply — North to East
IC-00448,20240323,2024-03,1,3,1.6,1.43,0.17,MISMATCH,Component supply — North to East
IC-00449,20240324,2024-03,1,3,2.15,1.78,0.37,MISMATCH,Component supply — North to East
IC-00450,20240325,2024-03,1,3,3.17,2.82,0.35,MISMATCH,Component supply — North to East
IC-00451,20240326,2024-03,1,3,2.87,2.59,0.28,MISMATCH,Component supply — North to East
IC-00452,20240327,2024-03,1,3,2.48,2.06,0.42,MISMATCH,Component supply — North to East
IC-00453,20240328,2024-03,1,3,1.62,1.37,0.25,MISMATCH,Component supply — North to East
IC-00454,20240329,2024-03,1,3,1.67,1.45,0.22,MISMATCH,Component supply — North to East
IC-00455,20240330,2024-03,1,3,1.53,1.32,0.21,MISMATCH,Component supply — North to East
IC-00456,20240331,2024-03,1,3,1.86,1.59,0.27,MISMATCH,Component supply — North to East
IC-00457,20240401,2024-04,1,3,2.85,2.85,0.0,MATCHED,Component supply — North to East
IC-00458,20240402,2024-04,1,3,2.2,2.2,0.0,MATCHED,Component supply — North to East
IC-00459,20240403,2024-04,1,3,2.18,2.18,0.0,MATCHED,Component supply — North to East
IC-00460,20240404,2024-04,1,3,3.48,3.48,0.0,MATCHED,Component supply — North to East
IC-00461,20240405,2024-04,1,3,2.94,2.94,0.0,MATCHED,Component supply — North to East
IC-00462,20240406,2024-04,1,3,2.53,2.53,0.0,MATCHED,Component supply — North to East
IC-00463,20240407,2024-04,1,3,2.66,2.66,0.0,MATCHED,Component supply — North to East
IC-00464,20240408,2024-04,1,3,2.74,2.74,0.0,MATCHED,Component supply — North to East
IC-00465,20240409,2024-04,1,3,1.55,1.55,0.0,MATCHED,Component supply — North to East
IC-00466,20240410,2024-04,1,3,1.66,1.66,0.0,MATCHED,Component supply — North to East
IC-00467,20240411,2024-04,1,3,2.8,2.8,0.0,MATCHED,Component supply — North to East
IC-00468,20240412,2024-04,1,3,2.23,2.23,0.0,MATCHED,Component supply — North to East
IC-00469,20240413,2024-04,1,3,1.61,1.61,0.0,MATCHED,Component supply — North to East
IC-00470,20240414,2024-04,1,3,2.1,2.1,0.0,MATCHED,Component supply — North to East
IC-00471,20240415,2024-04,1,3,1.76,1.76,0.0,MATCHED,Component supply — North to East
IC-00472,20240416,2024-04,1,3,3.33,3.33,0.0,MATCHED,Component supply — North to East
IC-00473,20240417,2024-04,1,3,1.91,1.91,0.0,MATCHED,Component supply — North to East
IC-00474,20240418,2024-04,1,3,1.79,1.79,0.0,MATCHED,Component supply — North to East
IC-00475,20240419,2024-04,1,3,2.75,2.75,0.0,MATCHED,Component supply — North to East
IC-00476,20240420,2024-04,1,3,2.54,2.54,0.0,MATCHED,Component supply — North to East
IC-00477,20240421,2024-04,1,3,2.65,2.65,0.0,MATCHED,Component supply — North to East
IC-00478,20240422,2024-04,1,3,2.37,2.37,0.0,MATCHED,Component supply — North to East
IC-00479,20240423,2024-04,1,3,2.43,2.43,0.0,MATCHED,Component supply — North to East
IC-00480,20240424,2024-04,1,3,3.06,3.06,0.0,MATCHED,Component supply — North to East
IC-00481,20240425,2024-04,1,3,1.94,1.94,0.0,MATCHED,Component supply — North to East
IC-00482,20240426,2024-04,1,3,2.29,2.29,0.0,MATCHED,Component supply — North to East
IC-00483,20240427,2024-04,1,3,3.42,3.42,0.0,MATCHED,Component supply — North to East
IC-00484,20240428,2024-04,1,3,1.88,1.88,0.0,MATCHED,Component supply — North to East
IC-00485,20240429,2024-04,1,3,2.09,2.09,0.0,MATCHED,Component supply — North to East
IC-00486,20240430,2024-04,1,3,1.88,1.88,0.0,MATCHED,Component supply — North to East
IC-00487,20240501,2024-05,1,3,1.54,1.54,0.0,MATCHED,Component supply — North to East
IC-00488,20240502,2024-05,1,3,2.04,2.04,0.0,MATCHED,Component supply — North to East
IC-00489,20240503,2024-05,1,3,1.59,1.59,0.0,MATCHED,Component supply — North to East
IC-00490,20240504,2024-05,1,3,1.81,1.81,0.0,MATCHED,Component supply — North to East
IC-00491,20240505,2024-05,1,3,2.23,2.23,0.0,MATCHED,Component supply — North to East
IC-00492,20240506,2024-05,1,3,1.54,1.54,0.0,MATCHED,Component supply — North to East
IC-00493,20240507,2024-05,1,3,3.01,3.01,0.0,MATCHED,Component supply — North to East
IC-00494,20240508,2024-05,1,3,3.09,3.09,0.0,MATCHED,Component supply — North to East
IC-00495,20240509,2024-05,1,3,2.32,2.32,0.0,MATCHED,Component supply — North to East
IC-00496,20240510,2024-05,1,3,3.47,3.47,0.0,MATCHED,Component supply — North to East
IC-00497,20240511,2024-05,1,3,2.86,2.86,0.0,MATCHED,Component supply — North to East
IC-00498,20240512,2024-05,1,3,2.99,2.99,0.0,MATCHED,Component supply — North to East
IC-00499,20240513,2024-05,1,3,1.88,1.88,0.0,MATCHED,Component supply — North to East
IC-00500,20240514,2024-05,1,3,3.17,3.17,0.0,MATCHED,Component supply — North to East
IC-00501,20240515,2024-05,1,3,3.39,3.39,0.0,MATCHED,Component supply — North to East
IC-00502,20240516,2024-05,1,3,1.97,1.97,0.0,MATCHED,Component supply — North to East
IC-00503,20240517,2024-05,1,3,2.87,2.87,0.0,MATCHED,Component supply — North to East
IC-00504,20240518,2024-05,1,3,2.99,2.99,0.0,MATCHED,Component supply — North to East
IC-00505,20240519,2024-05,1,3,2.11,2.11,0.0,MATCHED,Component supply — North to East
IC-00506,20240520,2024-05,1,3,2.45,2.45,0.0,MATCHED,Component supply — North to East
IC-00507,20240521,2024-05,1,3,1.7,1.7,0.0,MATCHED,Component supply — North to East
IC-00508,20240522,2024-05,1,3,1.85,1.85,0.0,MATCHED,Component supply — North to East
IC-00509,20240523,2024-05,1,3,1.62,1.62,0.0,MATCHED,Component supply — North to East
IC-00510,20240524,2024-05,1,3,2.62,2.62,0.0,MATCHED,Component supply — North to East
IC-00511,20240525,2024-05,1,3,2.75,2.75,0.0,MATCHED,Component supply — North to East
IC-00512,20240526,2024-05,1,3,3.33,3.33,0.0,MATCHED,Component supply — North to East
IC-00513,20240527,2024-05,1,3,2.58,2.58,0.0,MATCHED,Component supply — North to East
IC-00514,20240528,2024-05,1,3,2.02,2.02,0.0,MATCHED,Component supply — North to East
IC-00515,20240529,2024-05,1,3,1.62,1.62,0.0,MATCHED,Component supply — North to East
IC-00516,20240530,2024-05,1,3,3.27,3.27,0.0,MATCHED,Component supply — North to East
IC-00517,20240531,2024-05,1,3,2.46,2.46,0.0,MATCHED,Component supply — North to East
IC-00518,20240601,2024-06,1,3,2.97,2.97,0.0,MATCHED,Component supply — North to East
IC-00519,20240602,2024-06,1,3,1.53,1.53,0.0,MATCHED,Component supply — North to East
IC-00520,20240603,2024-06,1,3,2.48,2.48,0.0,MATCHED,Component supply — North to East
IC-00521,20240604,2024-06,1,3,2.15,2.15,0.0,MATCHED,Component supply — North to East
IC-00522,20240605,2024-06,1,3,1.56,1.56,0.0,MATCHED,Component supply — North to East
IC-00523,20240606,2024-06,1,3,3.05,3.05,0.0,MATCHED,Component supply — North to East
IC-00524,20240607,2024-06,1,3,2.53,2.53,0.0,MATCHED,Component supply — North to East
IC-00525,20240608,2024-06,1,3,2.17,2.17,0.0,MATCHED,Component supply — North to East
IC-00526,20240609,2024-06,1,3,3.11,3.11,0.0,MATCHED,Component supply — North to East
IC-00527,20240610,2024-06,1,3,2.39,2.39,0.0,MATCHED,Component supply — North to East
IC-00528,20240611,2024-06,1,3,1.51,1.51,0.0,MATCHED,Component supply — North to East
IC-00529,20240612,2024-06,1,3,3.39,3.39,0.0,MATCHED,Component supply — North to East
IC-00530,20240613,2024-06,1,3,2.01,2.01,0.0,MATCHED,Component supply — North to East
IC-00531,20240614,2024-06,1,3,3.16,3.16,0.0,MATCHED,Component supply — North to East
IC-00532,20240615,2024-06,1,3,3.13,3.13,0.0,MATCHED,Component supply — North to East
IC-00533,20240616,2024-06,1,3,1.82,1.82,0.0,MATCHED,Component supply — North to East
IC-00534,20240617,2024-06,1,3,2.45,2.45,0.0,MATCHED,Component supply — North to East
IC-00535,20240618,2024-06,1,3,1.58,1.58,0.0,MATCHED,Component supply — North to East
IC-00536,20240619,2024-06,1,3,2.21,2.21,0.0,MATCHED,Component supply — North to East
IC-00537,20240620,2024-06,1,3,2.96,2.96,0.0,MATCHED,Component supply — North to East
IC-00538,20240621,2024-06,1,3,1.97,1.97,0.0,MATCHED,Component supply — North to East
IC-00539,20240622,2024-06,1,3,1.73,1.73,0.0,MATCHED,Component supply — North to East
IC-00540,20240623,2024-06,1,3,2.51,2.51,0.0,MATCHED,Component supply — North to East
IC-00541,20240624,2024-06,1,3,2.57,2.57,0.0,MATCHED,Component supply — North to East
IC-00542,20240625,2024-06,1,3,2.85,2.85,0.0,MATCHED,Component supply — North to East
IC-00543,20240626,2024-06,1,3,3.02,3.02,0.0,MATCHED,Component supply — North to East
IC-00544,20240627,2024-06,1,3,2.89,2.89,0.0,MATCHED,Component supply — North to East
IC-00545,20240628,2024-06,1,3,3.19,3.19,0.0,MATCHED,Component supply — North to East
IC-00546,20240629,2024-06,1,3,1.95,1.95,0.0,MATCHED,Component supply — North to East
IC-00547,20240630,2024-06,1,3,2.64,2.64,0.0,MATCHED,Component supply — North to East
IC-00548,20240701,2024-07,1,3,2.22,2.22,0.0,MATCHED,Component supply — North to East
IC-00549,20240702,2024-07,1,3,3.42,3.42,0.0,MATCHED,Component supply — North to East
IC-00550,20240703,2024-07,1,3,2.38,2.38,0.0,MATCHED,Component supply — North to East
IC-00551,20240704,2024-07,1,3,3.42,3.42,0.0,MATCHED,Component supply — North to East
IC-00552,20240705,2024-07,1,3,3.04,3.04,0.0,MATCHED,Component supply — North to East
IC-00553,20240706,2024-07,1,3,2.94,2.94,0.0,MATCHED,Component supply — North to East
IC-00554,20240707,2024-07,1,3,2.48,2.48,0.0,MATCHED,Component supply — North to East
IC-00555,20240708,2024-07,1,3,2.39,2.39,0.0,MATCHED,Component supply — North to East
IC-00556,20240709,2024-07,1,3,2.55,2.55,0.0,MATCHED,Component supply — North to East
IC-00557,20240710,2024-07,1,3,2.09,2.09,0.0,MATCHED,Component supply — North to East
IC-00558,20240711,2024-07,1,3,3.31,3.31,0.0,MATCHED,Component supply — North to East
IC-00559,20240712,2024-07,1,3,3.09,3.09,0.0,MATCHED,Component supply — North to East
IC-00560,20240713,2024-07,1,3,3.1,3.1,0.0,MATCHED,Component supply — North to East
IC-00561,20240714,2024-07,1,3,2.37,2.37,0.0,MATCHED,Component supply — North to East
IC-00562,20240715,2024-07,1,3,1.64,1.64,0.0,MATCHED,Component supply — North to East
IC-00563,20240716,2024-07,1,3,2.87,2.87,0.0,MATCHED,Component supply — North to East
IC-00564,20240717,2024-07,1,3,2.25,2.25,0.0,MATCHED,Component supply — North to East
IC-00565,20240718,2024-07,1,3,3.24,3.24,0.0,MATCHED,Component supply — North to East
IC-00566,20240719,2024-07,1,3,3.06,3.06,0.0,MATCHED,Component supply — North to East
IC-00567,20240720,2024-07,1,3,1.79,1.79,0.0,MATCHED,Component supply — North to East
IC-00568,20240721,2024-07,1,3,2.7,2.7,0.0,MATCHED,Component supply — North to East
IC-00569,20240722,2024-07,1,3,2.88,2.88,0.0,MATCHED,Component supply — North to East
IC-00570,20240723,2024-07,1,3,2.64,2.64,0.0,MATCHED,Component supply — North to East
IC-00571,20240724,2024-07,1,3,2.53,2.53,0.0,MATCHED,Component supply — North to East
IC-00572,20240725,2024-07,1,3,1.96,1.96,0.0,MATCHED,Component supply — North to East
IC-00573,20240726,2024-07,1,3,1.97,1.97,0.0,MATCHED,Component supply — North to East
IC-00574,20240727,2024-07,1,3,3.04,3.04,0.0,MATCHED,Component supply — North to East
IC-00575,20240728,2024-07,1,3,1.54,1.54,0.0,MATCHED,Component supply — North to East
IC-00576,20240729,2024-07,1,3,3.06,3.06,0.0,MATCHED,Component supply — North to East
IC-00577,20240730,2024-07,1,3,2.55,2.55,0.0,MATCHED,Component supply — North to East
IC-00578,20240731,2024-07,1,3,3.37,3.37,0.0,MATCHED,Component supply — North to East
IC-00579,20240801,2024-08,1,3,3.49,3.49,0.0,MATCHED,Component supply — North to East
IC-00580,20240802,2024-08,1,3,2.83,2.83,0.0,MATCHED,Component supply — North to East
IC-00581,20240803,2024-08,1,3,2.32,2.32,0.0,MATCHED,Component supply — North to East
IC-00582,20240804,2024-08,1,3,2.45,2.45,0.0,MATCHED,Component supply — North to East
IC-00583,20240805,2024-08,1,3,1.91,1.91,0.0,MATCHED,Component supply — North to East
IC-00584,20240806,2024-08,1,3,1.7,1.7,0.0,MATCHED,Component supply — North to East
IC-00585,20240807,2024-08,1,3,2.66,2.66,0.0,MATCHED,Component supply — North to East
IC-00586,20240808,2024-08,1,3,3.11,3.11,0.0,MATCHED,Component supply — North to East
IC-00587,20240809,2024-08,1,3,2.02,2.02,0.0,MATCHED,Component supply — North to East
IC-00588,20240810,2024-08,1,3,2.34,2.34,0.0,MATCHED,Component supply — North to East
IC-00589,20240811,2024-08,1,3,2.61,2.61,0.0,MATCHED,Component supply — North to East
IC-00590,20240812,2024-08,1,3,3.32,3.32,0.0,MATCHED,Component supply — North to East
IC-00591,20240813,2024-08,1,3,1.78,1.78,0.0,MATCHED,Component supply — North to East
IC-00592,20240814,2024-08,1,3,1.97,1.97,0.0,MATCHED,Component supply — North to East
IC-00593,20240815,2024-08,1,3,3.34,3.34,0.0,MATCHED,Component supply — North to East
IC-00594,20240816,2024-08,1,3,1.58,1.58,0.0,MATCHED,Component supply — North to East
IC-00595,20240817,2024-08,1,3,2.81,2.81,0.0,MATCHED,Component supply — North to East
IC-00596,20240818,2024-08,1,3,2.78,2.78,0.0,MATCHED,Component supply — North to East
IC-00597,20240819,2024-08,1,3,2.27,2.27,0.0,MATCHED,Component supply — North to East
IC-00598,20240820,2024-08,1,3,2.44,2.44,0.0,MATCHED,Component supply — North to East
IC-00599,20240821,2024-08,1,3,3.21,3.21,0.0,MATCHED,Component supply — North to East
IC-00600,20240822,2024-08,1,3,1.83,1.83,0.0,MATCHED,Component supply — North to East
IC-00601,20240823,2024-08,1,3,1.96,1.96,0.0,MATCHED,Component supply — North to East
IC-00602,20240824,2024-08,1,3,2.52,2.52,0.0,MATCHED,Component supply — North to East
IC-00603,20240825,2024-08,1,3,2.32,2.32,0.0,MATCHED,Component supply — North to East
IC-00604,20240826,2024-08,1,3,2.65,2.65,0.0,MATCHED,Component supply — North to East
IC-00605,20240827,2024-08,1,3,3.34,3.34,0.0,MATCHED,Component supply — North to East
IC-00606,20240828,2024-08,1,3,3.33,3.33,0.0,MATCHED,Component supply — North to East
IC-00607,20240829,2024-08,1,3,1.96,1.96,0.0,MATCHED,Component supply — North to East
IC-00608,20240830,2024-08,1,3,2.1,2.1,0.0,MATCHED,Component supply — North to East
IC-00609,20240831,2024-08,1,3,1.82,1.82,0.0,MATCHED,Component supply — North to East
IC-00610,20240901,2024-09,1,3,3.36,3.36,0.0,MATCHED,Component supply — North to East
IC-00611,20240902,2024-09,1,3,2.3,2.3,0.0,MATCHED,Component supply — North to East
IC-00612,20240903,2024-09,1,3,2.4,2.4,0.0,MATCHED,Component supply — North to East
IC-00613,20240904,2024-09,1,3,3.11,3.11,0.0,MATCHED,Component supply — North to East
IC-00614,20240905,2024-09,1,3,2.53,2.53,0.0,MATCHED,Component supply — North to East
IC-00615,20240906,2024-09,1,3,1.74,1.74,0.0,MATCHED,Component supply — North to East
IC-00616,20240907,2024-09,1,3,2.38,2.38,0.0,MATCHED,Component supply — North to East
IC-00617,20240908,2024-09,1,3,2.76,2.76,0.0,MATCHED,Component supply — North to East
IC-00618,20240909,2024-09,1,3,2.94,2.94,0.0,MATCHED,Component supply — North to East
IC-00619,20240910,2024-09,1,3,2.79,2.79,0.0,MATCHED,Component supply — North to East
IC-00620,20240911,2024-09,1,3,1.74,1.74,0.0,MATCHED,Component supply — North to East
IC-00621,20240912,2024-09,1,3,2.11,2.11,0.0,MATCHED,Component supply — North to East
IC-00622,20240913,2024-09,1,3,2.97,2.97,0.0,MATCHED,Component supply — North to East
IC-00623,20240914,2024-09,1,3,3.26,3.26,0.0,MATCHED,Component supply — North to East
IC-00624,20240915,2024-09,1,3,1.59,1.59,0.0,MATCHED,Component supply — North to East
IC-00625,20240916,2024-09,1,3,1.58,1.58,0.0,MATCHED,Component supply — North to East
IC-00626,20240917,2024-09,1,3,2.79,2.79,0.0,MATCHED,Component supply — North to East
IC-00627,20240918,2024-09,1,3,2.6,2.6,0.0,MATCHED,Component supply — North to East
IC-00628,20240919,2024-09,1,3,1.81,1.81,0.0,MATCHED,Component supply — North to East
IC-00629,20240920,2024-09,1,3,2.6,2.6,0.0,MATCHED,Component supply — North to East
IC-00630,20240921,2024-09,1,3,3.45,3.45,0.0,MATCHED,Component supply — North to East
IC-00631,20240922,2024-09,1,3,2.76,2.76,0.0,MATCHED,Component supply — North to East
IC-00632,20240923,2024-09,1,3,2.4,2.4,0.0,MATCHED,Component supply — North to East
IC-00633,20240924,2024-09,1,3,3.16,3.16,0.0,MATCHED,Component supply — North to East
IC-00634,20240925,2024-09,1,3,1.93,1.93,0.0,MATCHED,Component supply — North to East
IC-00635,20240926,2024-09,1,3,2.33,2.33,0.0,MATCHED,Component supply — North to East
IC-00636,20240927,2024-09,1,3,2.56,2.56,0.0,MATCHED,Component supply — North to East
IC-00637,20240928,2024-09,1,3,2.51,2.51,0.0,MATCHED,Component supply — North to East
IC-00638,20240929,2024-09,1,3,3.34,3.34,0.0,MATCHED,Component supply — North to East
IC-00639,20240930,2024-09,1,3,2.09,2.09,0.0,MATCHED,Component supply — North to East
IC-00640,20241001,2024-10,1,3,1.61,1.61,0.0,MATCHED,Component supply — North to East
IC-00641,20241002,2024-10,1,3,3.33,3.33,0.0,MATCHED,Component supply — North to East
IC-00642,20241003,2024-10,1,3,1.93,1.93,0.0,MATCHED,Component supply — North to East
IC-00643,20241004,2024-10,1,3,2.26,2.26,0.0,MATCHED,Component supply — North to East
IC-00644,20241005,2024-10,1,3,2.56,2.56,0.0,MATCHED,Component supply — North to East
IC-00645,20241006,2024-10,1,3,3.45,3.45,0.0,MATCHED,Component supply — North to East
IC-00646,20241007,2024-10,1,3,2.57,2.57,0.0,MATCHED,Component supply — North to East
IC-00647,20241008,2024-10,1,3,2.4,2.4,0.0,MATCHED,Component supply — North to East
IC-00648,20241009,2024-10,1,3,2.67,2.67,0.0,MATCHED,Component supply — North to East
IC-00649,20241010,2024-10,1,3,3.44,3.44,0.0,MATCHED,Component supply — North to East
IC-00650,20241011,2024-10,1,3,3.14,3.14,0.0,MATCHED,Component supply — North to East
IC-00651,20241012,2024-10,1,3,1.84,1.84,0.0,MATCHED,Component supply — North to East
IC-00652,20241013,2024-10,1,3,3.11,3.11,0.0,MATCHED,Component supply — North to East
IC-00653,20241014,2024-10,1,3,3.18,3.18,0.0,MATCHED,Component supply — North to East
IC-00654,20241015,2024-10,1,3,2.88,2.88,0.0,MATCHED,Component supply — North to East
IC-00655,20241016,2024-10,1,3,2.81,2.81,0.0,MATCHED,Component supply — North to East
IC-00656,20241017,2024-10,1,3,2.38,2.38,0.0,MATCHED,Component supply — North to East
IC-00657,20241018,2024-10,1,3,2.78,2.78,0.0,MATCHED,Component supply — North to East
IC-00658,20241019,2024-10,1,3,2.98,2.98,0.0,MATCHED,Component supply — North to East
IC-00659,20241020,2024-10,1,3,1.75,1.75,0.0,MATCHED,Component supply — North to East
IC-00660,20241021,2024-10,1,3,2.01,2.01,0.0,MATCHED,Component supply — North to East
IC-00661,20241022,2024-10,1,3,1.89,1.89,0.0,MATCHED,Component supply — North to East
IC-00662,20241023,2024-10,1,3,3.18,3.18,0.0,MATCHED,Component supply — North to East
IC-00663,20241024,2024-10,1,3,2.86,2.86,0.0,MATCHED,Component supply — North to East
IC-00664,20241025,2024-10,1,3,2.4,2.4,0.0,MATCHED,Component supply — North to East
IC-00665,20241026,2024-10,1,3,3.15,3.15,0.0,MATCHED,Component supply — North to East
IC-00666,20241027,2024-10,1,3,2.93,2.93,0.0,MATCHED,Component supply — North to East
IC-00667,20241028,2024-10,1,3,3.33,3.33,0.0,MATCHED,Component supply — North to East
IC-00668,20241029,2024-10,1,3,1.65,1.65,0.0,MATCHED,Component supply — North to East
IC-00669,20241030,2024-10,1,3,2.52,2.52,0.0,MATCHED,Component supply — North to East
IC-00670,20241031,2024-10,1,3,2.91,2.91,0.0,MATCHED,Component supply — North to East
IC-00671,20241101,2024-11,1,3,1.91,1.91,0.0,MATCHED,Component supply — North to East
IC-00672,20241102,2024-11,1,3,2.15,2.15,0.0,MATCHED,Component supply — North to East
IC-00673,20241103,2024-11,1,3,2.34,2.34,0.0,MATCHED,Component supply — North to East
IC-00674,20241104,2024-11,1,3,3.09,3.09,0.0,MATCHED,Component supply — North to East
IC-00675,20241105,2024-11,1,3,2.49,2.49,0.0,MATCHED,Component supply — North to East
IC-00676,20241106,2024-11,1,3,2.49,2.49,0.0,MATCHED,Component supply — North to East
IC-00677,20241107,2024-11,1,3,2.36,2.36,0.0,MATCHED,Component supply — North to East
IC-00678,20241108,2024-11,1,3,1.96,1.96,0.0,MATCHED,Component supply — North to East
IC-00679,20241109,2024-11,1,3,3.35,3.35,0.0,MATCHED,Component supply — North to East
IC-00680,20241110,2024-11,1,3,2.14,2.14,0.0,MATCHED,Component supply — North to East
IC-00681,20241111,2024-11,1,3,2.63,2.63,0.0,MATCHED,Component supply — North to East
IC-00682,20241112,2024-11,1,3,1.8,1.8,0.0,MATCHED,Component supply — North to East
IC-00683,20241113,2024-11,1,3,2.37,2.37,0.0,MATCHED,Component supply — North to East
IC-00684,20241114,2024-11,1,3,3.31,3.31,0.0,MATCHED,Component supply — North to East
IC-00685,20241115,2024-11,1,3,3.49,3.49,0.0,MATCHED,Component supply — North to East
IC-00686,20241116,2024-11,1,3,2.22,2.22,0.0,MATCHED,Component supply — North to East
IC-00687,20241117,2024-11,1,3,1.81,1.81,0.0,MATCHED,Component supply — North to East
IC-00688,20241118,2024-11,1,3,2.13,2.13,0.0,MATCHED,Component supply — North to East
IC-00689,20241119,2024-11,1,3,2.15,2.15,0.0,MATCHED,Component supply — North to East
IC-00690,20241120,2024-11,1,3,2.79,2.79,0.0,MATCHED,Component supply — North to East
IC-00691,20241121,2024-11,1,3,2.49,2.49,0.0,MATCHED,Component supply — North to East
IC-00692,20241122,2024-11,1,3,3.04,3.04,0.0,MATCHED,Component supply — North to East
IC-00693,20241123,2024-11,1,3,2.9,2.9,0.0,MATCHED,Component supply — North to East
IC-00694,20241124,2024-11,1,3,2.0,2.0,0.0,MATCHED,Component supply — North to East
IC-00695,20241125,2024-11,1,3,3.07,3.07,0.0,MATCHED,Component supply — North to East
IC-00696,20241126,2024-11,1,3,3.19,3.19,0.0,MATCHED,Component supply — North to East
IC-00697,20241127,2024-11,1,3,2.7,2.7,0.0,MATCHED,Component supply — North to East
IC-00698,20241128,2024-11,1,3,3.36,3.36,0.0,MATCHED,Component supply — North to East
IC-00699,20241129,2024-11,1,3,3.07,3.07,0.0,MATCHED,Component supply — North to East
IC-00700,20241130,2024-11,1,3,2.69,2.69,0.0,MATCHED,Component supply — North to East
IC-00701,20241201,2024-12,1,3,3.31,3.31,0.0,MATCHED,Component supply — North to East
IC-00702,20241202,2024-12,1,3,2.7,2.7,0.0,MATCHED,Component supply — North to East
IC-00703,20241203,2024-12,1,3,2.54,2.54,0.0,MATCHED,Component supply — North to East
IC-00704,20241204,2024-12,1,3,2.21,2.21,0.0,MATCHED,Component supply — North to East
IC-00705,20241205,2024-12,1,3,3.27,3.27,0.0,MATCHED,Component supply — North to East
IC-00706,20241206,2024-12,1,3,1.75,1.75,0.0,MATCHED,Component supply — North to East
IC-00707,20241207,2024-12,1,3,2.45,2.45,0.0,MATCHED,Component supply — North to East
IC-00708,20241208,2024-12,1,3,2.57,2.57,0.0,MATCHED,Component supply — North to East
IC-00709,20241209,2024-12,1,3,2.61,2.61,0.0,MATCHED,Component supply — North to East
IC-00710,20241210,2024-12,1,3,2.8,2.8,0.0,MATCHED,Component supply — North to East
IC-00711,20241211,2024-12,1,3,2.51,2.51,0.0,MATCHED,Component supply — North to East
IC-00712,20241212,2024-12,1,3,2.01,2.01,0.0,MATCHED,Component supply — North to East
IC-00713,20241213,2024-12,1,3,3.21,3.21,0.0,MATCHED,Component supply — North to East
IC-00714,20241214,2024-12,1,3,2.82,2.82,0.0,MATCHED,Component supply — North to East
IC-00715,20241215,2024-12,1,3,3.22,3.22,0.0,MATCHED,Component supply — North to East
IC-00716,20241216,2024-12,1,3,2.05,2.05,0.0,MATCHED,Component supply — North to East
IC-00717,20241217,2024-12,1,3,2.77,2.77,0.0,MATCHED,Component supply — North to East
IC-00718,20241218,2024-12,1,3,2.93,2.93,0.0,MATCHED,Component supply — North to East
IC-00719,20241219,2024-12,1,3,2.27,2.27,0.0,MATCHED,Component supply — North to East
IC-00720,20241220,2024-12,1,3,3.12,3.12,0.0,MATCHED,Component supply — North to East
IC-00721,20241221,2024-12,1,3,1.51,1.51,0.0,MATCHED,Component supply — North to East
IC-00722,20241222,2024-12,1,3,2.69,2.69,0.0,MATCHED,Component supply — North to East
IC-00723,20241223,2024-12,1,3,2.73,2.73,0.0,MATCHED,Component supply — North to East
IC-00724,20241224,2024-12,1,3,2.57,2.57,0.0,MATCHED,Component supply — North to East
IC-00725,20241225,2024-12,1,3,2.76,2.76,0.0,MATCHED,Component supply — North to East
IC-00726,20241226,2024-12,1,3,1.83,1.83,0.0,MATCHED,Component supply — North to East
IC-00727,20241227,2024-12,1,3,2.87,2.87,0.0,MATCHED,Component supply — North to East
IC-00728,20241228,2024-12,1,3,2.17,2.17,0.0,MATCHED,Component supply — North to East
IC-00729,20241229,2024-12,1,3,2.4,2.4,0.0,MATCHED,Component supply — North to East
IC-00730,20241230,2024-12,1,3,2.17,2.17,0.0,MATCHED,Component supply — North to East
IC-00731,20241231,2024-12,1,3,2.45,2.45,0.0,MATCHED,Component supply — North to East
